month,route_code,route_label,airline,bookings,direct_bookings,price_freezes_created,converted_to_booking,avg_ticket_price_thb,ticket_revenue_thb,freeze_fee_revenue_thb
2025-10,BKK-CNX,BKK → CNX,AirAsia,111,31,123,80,2155,239205,15904
2025-11,BKK-CNX,BKK → CNX,AirAsia,129,44,150,85,1978,255162,17802
2025-12,BKK-CNX,BKK → CNX,AirAsia,146,49,130,97,2016,294336,15725
2026-01,BKK-CNX,BKK → CNX,AirAsia,159,51,164,108,1694,269346,16669
2026-02,BKK-CNX,BKK → CNX,AirAsia,183,53,203,130,1618,296094,19707
2026-03,BKK-CNX,BKK → CNX,AirAsia,265,94,266,171,1900,503500,30324
2026-04,BKK-CNX,BKK → CNX,AirAsia,310,110,327,200,2104,652240,41280
2026-05,BKK-CNX,BKK → CNX,AirAsia,321,104,301,217,2060,661260,37204
2026-06,BKK-CNX,BKK → CNX,AirAsia,382,123,354,259,1600,611200,33984
2026-07,BKK-CNX,BKK → CNX,AirAsia,468,136,471,332,1644,769392,46459
2026-08,BKK-CNX,BKK → CNX,AirAsia,373,97,481,276,2178,812394,62857
2026-09,BKK-CNX,BKK → CNX,AirAsia,430,132,450,298,2078,893540,56106
2025-10,BKK-HKG,BKK → HKG,Thai Airways,45,15,44,30,9044,406980,23876
2025-11,BKK-HKG,BKK → HKG,Thai Airways,60,16,62,44,8259,495540,30723
2025-12,BKK-HKG,BKK → HKG,Thai Airways,73,26,70,47,8470,618310,35574
2026-01,BKK-HKG,BKK → HKG,Thai Airways,66,19,77,47,8239,543774,38064
2026-02,BKK-HKG,BKK → HKG,Thai Airways,58,17,61,41,8791,509878,32175
2026-03,BKK-HKG,BKK → HKG,Thai Airways,78,21,79,57,8622,672516,40868
2026-04,BKK-HKG,BKK → HKG,Thai Airways,70,26,74,44,9190,643300,40804
2026-05,BKK-HKG,BKK → HKG,Thai Airways,120,42,116,78,9415,1129800,65528
2026-06,BKK-HKG,BKK → HKG,Thai Airways,97,35,90,62,9437,915389,50960
2026-07,BKK-HKG,BKK → HKG,Thai Airways,113,38,108,75,8299,937787,53778
2026-08,BKK-HKG,BKK → HKG,Thai Airways,102,27,123,75,9249,943398,68258
2026-09,BKK-HKG,BKK → HKG,Thai Airways,106,32,131,74,8258,875348,64908
2025-10,BKK-HND,BKK → HND,ANA,25,8,27,17,18789,469725,30438
2025-11,BKK-HND,BKK → HND,ANA,33,9,41,24,19265,635745,47392
2025-12,BKK-HND,BKK → HND,ANA,37,14,42,23,19304,714248,48646
2026-01,BKK-HND,BKK → HND,ANA,40,12,50,28,17776,711040,53328
2026-02,BKK-HND,BKK → HND,ANA,51,14,52,37,19448,991848,60678
2026-03,BKK-HND,BKK → HND,ANA,56,20,57,36,20103,1125768,68752
2026-04,BKK-HND,BKK → HND,ANA,54,15,59,39,19000,1026000,67260
2026-05,BKK-HND,BKK → HND,ANA,74,27,67,47,20473,1515002,82301
2026-06,BKK-HND,BKK → HND,ANA,66,21,80,45,18262,1205292,87658
2026-07,BKK-HND,BKK → HND,ANA,68,22,66,46,18424,1252832,72959
2026-08,BKK-HND,BKK → HND,ANA,63,19,72,44,17523,1103949,75699
2026-09,BKK-HND,BKK → HND,ANA,87,28,93,59,20123,1750701,112286
2025-10,BKK-ICN,BKK → ICN,Korean Air,25,7,28,18,13498,337450,22677
2025-11,BKK-ICN,BKK → ICN,Korean Air,29,8,35,21,12653,366937,26571
2025-12,BKK-ICN,BKK → ICN,Korean Air,42,15,37,27,14046,589932,31182
2026-01,BKK-ICN,BKK → ICN,Korean Air,28,8,31,20,12325,345100,22924
2026-02,BKK-ICN,BKK → ICN,Korean Air,45,16,46,29,14017,630765,38687
2026-03,BKK-ICN,BKK → ICN,Korean Air,39,11,42,28,11624,453336,29292
2026-04,BKK-ICN,BKK → ICN,Korean Air,41,15,46,26,11908,488228,32866
2026-05,BKK-ICN,BKK → ICN,Korean Air,52,19,51,33,11641,605332,35621
2026-06,BKK-ICN,BKK → ICN,Korean Air,54,19,59,35,14375,776250,50888
2026-07,BKK-ICN,BKK → ICN,Korean Air,54,19,60,35,12917,697518,46501
2026-08,BKK-ICN,BKK → ICN,Korean Air,67,22,64,45,13061,875087,50154
2026-09,BKK-ICN,BKK → ICN,Korean Air,87,30,82,57,11762,1023294,57869
2025-10,BKK-SIN,BKK → SIN,Thai Airways,19,5,23,14,6563,124697,9057
2025-11,BKK-SIN,BKK → SIN,Thai Airways,25,8,25,17,7105,177625,10658
2025-12,BKK-SIN,BKK → SIN,Thai Airways,26,9,29,17,6591,171366,11468
2026-01,BKK-SIN,BKK → SIN,Thai Airways,31,9,36,22,6413,198803,13852
2026-02,BKK-SIN,BKK → SIN,Thai Airways,36,13,35,23,5641,203076,11846
2026-03,BKK-SIN,BKK → SIN,Thai Airways,36,13,32,23,6876,247536,13202
2026-04,BKK-SIN,BKK → SIN,Thai Airways,35,11,37,24,5739,200865,12741
2026-05,BKK-SIN,BKK → SIN,Thai Airways,53,16,50,37,7108,376724,21324
2026-06,BKK-SIN,BKK → SIN,Thai Airways,54,17,54,37,5993,323622,19417
2026-07,BKK-SIN,BKK → SIN,Thai Airways,61,19,59,42,6030,367830,21346
2026-08,BKK-SIN,BKK → SIN,Thai Airways,69,26,64,43,7146,493074,27441
2026-09,BKK-SIN,BKK → SIN,Thai Airways,67,21,62,46,6529,437443,24288
